Frame,Timestamp (ms),Active points,Bounding box centre X (px),Bounding box centre Y (px),Bounding box width (px),Bounding box height (px),Bounding box rotation (degrees),Bounding box vertex 1 X (px),Bounding box vertex 1 Y (px),Bounding box vertex 2 X (px),Bounding box vertex 2 Y (px),Bounding box vertex 3 X (px),Bounding box vertex 3 Y (px),Bounding box vertex 4 X (px),Bounding box vertex 4 Y (px)
0,40,218,522,79,186,66,0,429,112,429,46,615,46,615,112
1,80,230,517.769,81.5912,186,66,-0.837697,425.262,115.947,424.297,49.9544,610.277,47.235,611.242,113.228
2,120,231,517.476,82.0957,186,66,-0.729395,424.904,116.277,424.064,50.2823,610.049,47.9145,610.889,113.909
3,160,226,517.681,75.1609,186,66,-0.453936,424.946,108.897,424.423,42.8988,610.417,41.4252,610.94,107.423
4,200,227,517.482,75.0851,186,66,-0.425466,424.729,108.775,424.239,42.7766,610.234,41.3954,610.724,107.394
5,240,230,516.822,69.1301,186,66,-0.283925,423.986,102.591,423.659,36.5914,609.657,35.6697,609.984,101.669
6,280,228,513.946,66.2915,186,66,-0.673361,421.34,100.382,420.565,34.3868,606.552,32.2009,607.327,98.1963
7,320,227,514.465,65.4142,186,66,-0.535623,421.777,99.2822,421.16,33.2851,607.152,31.5463,607.769,97.5434
8,360,227,515.659,65.6042,186,66,-0.283781,422.823,99.0644,422.496,33.0652,608.494,32.144,608.821,98.1432
9,400,227,515.916,65.8033,186,66,-0.304995,423.093,99.2979,422.741,33.2988,608.739,32.3087,609.09,98.3078
10,440,230,516.286,66.5159,186,66,-0.373174,423.503,100.121,423.074,34.1224,609.07,32.9109,609.499,98.9095
11,480,234,520.811,67.2915,186,66,-0.836739,428.302,101.646,427.339,35.6531,613.319,32.9369,614.283,98.9299
12,520,231,520.525,67.0662,186,66,-0.584444,427.867,101.013,427.194,35.0166,613.184,33.1193,613.857,99.1159
13,560,237,514.407,68.0715,186,66,-0.899686,421.937,102.528,420.901,36.5358,606.878,33.6153,607.914,99.6071
14,600,237,514.73,68.163,186,66,-0.8161,422.209,102.484,421.269,36.491,607.25,33.8417,608.19,99.835
15,640,229,506.288,69.074,186,66,-1.07156,413.921,103.807,412.687,37.8189,598.654,34.3405,599.888,100.329
16,680,228,487.105,71.3372,186,66,-1.57182,395.045,106.876,393.234,40.9007,579.164,35.7987,580.975,101.774
17,720,228,473.409,71.9369,186,66,-1.5855,381.357,107.497,379.531,41.5227,565.46,36.3763,567.286,102.351
18,760,225,455.982,72.4412,186,66,-1.4901,363.872,107.848,362.156,41.8707,548.093,37.0339,549.809,103.012
19,800,225,455.83,72.4622,186,66,-1.53832,363.75,107.947,361.978,41.9707,547.911,36.9774,549.683,102.954
20,840,227,448.325,72.7452,186,66,-1.42476,356.174,108.047,354.533,42.0677,540.476,37.443,542.117,103.423
21,880,223,450.15,74.1426,186,66,-1.12738,357.817,108.966,356.518,42.9787,542.482,39.3192,543.781,105.306
22,920,223,457.48,76.2574,186,66,-1.54536,365.404,111.753,363.624,45.7775,549.556,40.7613,551.336,106.737
23,960,222,463.613,77.3206,186,66,-1.44243,371.473,112.651,369.812,46.6721,555.753,41.9901,557.414,107.969
24,1000,223,463.457,77.3456,186,66,-1.44538,371.319,112.681,369.654,46.7019,555.595,42.0102,557.26,107.989
25,1040,225,467.159,78.2097,186,66,-1.26447,374.91,113.254,373.454,47.27,559.408,43.1655,560.865,109.149
26,1080,226,472.759,80.1034,186,66,-1.02745,380.366,114.766,379.183,48.7763,565.153,45.4411,566.336,111.43
27,1120,227,469.61,79.6405,186,66,-0.75562,377.053,113.864,376.183,47.8698,562.167,45.4169,563.037,111.411
28,1160,231,473.086,79.4135,186,66,-0.629643,380.454,113.433,379.729,47.4375,565.718,45.3935,566.443,111.389
29,1200,231,473.371,79.5175,186,66,-0.625555,380.736,113.531,380.016,47.5348,566.005,45.5041,566.725,111.5
30,1240,227,477.696,78.9225,186,66,-0.511299,384.994,112.751,384.405,46.7537,570.398,45.0939,570.987,111.091
31,1280,230,484.021,77.1624,186,66,-0.295035,391.192,110.641,390.852,44.6418,576.849,43.684,577.189,109.683
32,1320,233,483.354,76.6844,186,66,-0.114747,390.421,109.871,390.289,43.8708,576.288,43.4983,576.42,109.498
33,1360,233,476.933,76.6612,186,66,0.0812331,383.887,109.529,383.98,43.5293,569.98,43.793,569.887,109.793
34,1400,234,476.845,76.5406,186,66,0.123131,383.774,109.341,383.916,43.3408,569.916,43.7405,569.774,109.74
35,1440,232,476.081,77.251,186,66,0.0835332,383.033,110.115,383.129,44.1155,569.129,44.3867,569.033,110.387
36,1480,232,463.822,78.5476,186,66,0.0808046,370.775,111.416,370.868,45.4165,556.868,45.6788,556.775,111.679
37,1520,229,457.824,79.4402,186,66,0.114139,364.759,112.255,364.89,46.255,550.89,46.6255,550.759,112.625
38,1560,227,454.951,79.729,186,66,0.16249,361.858,112.465,362.045,46.4654,548.044,46.9929,547.857,112.993
39,1600,227,455.01,79.8351,186,66,0.114136,361.944,112.65,362.075,46.6499,548.075,47.0204,547.944,113.02
40,1640,230,453.96,80.3849,186,66,0.130356,360.886,113.173,361.036,47.1734,547.035,47.5966,546.885,113.596
41,1680,228,451.67,81.7596,186,66,-0.0400249,358.693,114.825,358.647,48.8246,544.647,48.6947,544.693,114.695
42,1720,236,450.151,81.6358,186,66,0.243649,357.011,114.24,357.292,48.2406,543.29,49.0316,543.01,115.031
43,1760,229,448.742,81.7273,186,66,0.503304,355.456,113.909,356.036,47.9116,542.029,49.5455,541.449,115.543
44,1800,229,448.749,81.8277,186,66,0.406642,355.517,114.167,355.985,48.1685,541.98,49.4886,541.512,115.487
45,1840,230,444.885,82.0317,186,66,0.578743,351.556,114.091,352.223,48.094,538.214,49.9728,537.547,115.969
46,1880,233,434.835,83.035,186,66,0.486678,341.558,115.244,342.118,49.2463,528.111,50.8262,527.551,116.824
47,1920,231,432.798,83.5548,186,66,0.553393,339.484,115.655,340.121,49.6581,526.113,51.4546,525.475,117.451
48,1960,234,433.287,83.6644,186,66,0.725557,339.877,115.484,340.712,49.4894,526.697,51.8447,525.862,117.839
49,2000,233,433.577,83.7529,186,66,0.652461,340.208,115.692,340.959,49.696,526.947,51.814,526.196,117.81
50,2040,232,433.564,83.922,186,66,0.713331,340.16,115.762,340.982,49.7667,526.967,52.0823,526.146,118.077
51,2080,234,430.632,84.8431,186,66,0.509878,337.342,117.014,337.929,51.0168,523.922,52.672,523.335,118.669
52,2120,229,431.544,85.0272,186,66,0.602218,338.202,117.048,338.896,51.0516,524.886,53.0065,524.192,119.003
53,2160,230,433.937,85.1466,186,66,0.717785,340.531,116.979,341.358,50.9842,527.343,53.3143,526.516,119.309
54,2200,231,434.489,84.9792,186,66,0.866382,341.001,116.569,341.999,50.5767,527.977,53.3892,526.979,119.382
55,2240,230,437.122,84.5516,186,66,1.17368,343.466,115.64,344.818,49.6536,530.779,53.4635,529.427,119.45
56,2280,227,436.393,85.9825,186,66,1.1023,342.775,117.187,344.045,51.1995,530.01,54.7777,528.741,120.765
57,2320,229,436.43,87.035,186,66,0.955883,342.892,118.479,343.994,52.4881,529.968,55.591,528.867,121.582
58,2360,230,436.918,88.2546,186,66,0.861017,343.432,119.853,344.424,53.8608,530.403,56.6558,529.411,122.648
59,2400,229,436.857,88.3734,186,66,1.02416,343.282,119.706,344.462,53.7164,530.432,57.0409,529.252,123.03
60,2440,223,439.167,88.6946,186,66,1.22049,345.485,119.706,346.891,53.7212,532.849,57.683,531.443,123.668
61,2480,223,439.752,88.5606,186,66,1.78966,345.766,118.64,347.828,52.6723,533.737,58.4811,531.676,124.449
62,2520,225,439.851,89.3376,186,66,1.80459,345.858,119.393,347.936,53.4253,533.844,59.2826,531.766,125.25
63,2560,229,440.531,89.9063,186,66,1.86052,346.509,119.87,348.652,53.9044,534.554,59.9431,532.411,125.908
64,2600,229,440.848,89.8476,186,66,1.76878,346.874,119.961,348.911,53.9927,534.823,59.7338,532.785,125.702
65,2640,231,442.365,89.7363,186,66,1.97416,348.283,119.513,350.557,53.5521,536.447,59.9596,534.173,125.92
66,2680,225,442.091,90.4253,186,66,2.25015,347.867,119.748,350.459,53.7993,536.315,61.1021,533.724,127.051
67,2720,225,440.597,91.441,186,66,2.1543,346.423,120.922,348.903,54.9684,534.772,61.9602,532.291,127.914
68,2760,231,438.272,92.5399,186,66,2.03377,344.159,122.219,346.501,56.2603,532.384,62.8612,530.042,128.82
69,2800,231,438.705,92.4762,186,66,1.97545,344.622,122.251,346.898,56.29,532.787,62.7017,530.512,128.662
70,2840,229,437.813,92.8036,186,66,2.09891,343.667,122.375,346.084,56.4197,531.959,63.2319,529.542,129.188
71,2880,234,435.223,94.0873,186,66,2.42313,340.911,123.126,343.701,57.1849,529.535,65.0488,526.744,130.99
72,2920,231,435.386,94.1799,186,66,2.58501,340.992,122.952,343.969,57.019,529.78,65.4079,526.803,131.341
73,2960,227,434.41,95.0107,186,66,2.70616,339.956,123.583,343.072,57.6566,528.865,66.4384,525.748,132.365
74,3000,227,433.898,95.0035,186,66,2.57946,339.507,123.785,342.478,57.8515,528.289,66.2224,525.319,132.155
75,3040,227,431.847,95.9361,186,66,2.71157,337.39,124.5,340.513,58.5734,526.304,67.3727,523.182,133.299
76,3080,227,426.442,98.3037,186,66,2.53175,332.076,127.163,334.991,61.2278,520.809,69.444,517.894,135.38
77,3120,236,425.235,98.5493,186,66,2.69631,330.785,127.138,333.89,61.2109,519.684,69.9608,516.579,135.888
78,3160,237,423.49,99.0073,186,66,2.89066,328.944,127.275,332.272,61.3593,518.035,70.7393,514.707,136.655
79,3200,236,423.142,99.1165,186,66,2.90916,328.587,127.354,331.937,61.439,517.697,70.879,514.348,136.794
80,3240,230,421.526,99.8333,186,66,2.9131,326.969,128.064,330.323,62.1496,516.083,71.6023,512.729,137.517
81,3280,231,419.179,100.406,186,66,2.90233,324.628,128.654,327.969,62.7391,513.731,72.1569,510.389,138.072
82,3320,231,417.75,101.578,186,66,2.68658,323.305,130.182,326.399,64.2548,512.194,72.9731,509.101,138.901
83,3360,229,416.679,101.753,186,66,2.93526,322.112,129.947,325.491,64.0339,511.247,73.5585,507.868,139.472
84,3400,228,416.983,101.697,186,66,2.74921,322.507,130.199,325.673,64.2745,511.459,73.1959,508.293,139.12
85,3440,232,416.621,101.562,186,66,2.91586,322.063,129.789,325.421,63.8743,511.18,73.336,507.822,139.251
86,3480,235,412.443,102.883,186,66,2.87979,317.903,131.169,321.219,65.2525,506.984,74.5973,503.668,140.514
87,3520,236,408.895,103.976,186,66,2.644,314.471,132.651,317.516,66.7213,503.318,75.3015,500.273,141.231
88,3560,232,405.134,105.201,186,66,2.48345,310.792,134.14,313.651,68.2019,499.477,76.2614,496.617,142.199
89,3600,231,405.024,105.031,186,66,2.45946,310.694,134.01,313.526,68.0703,499.355,76.052,496.522,141.991
90,3640,230,404.032,104.064,186,66,2.58112,309.64,132.842,312.612,66.9094,498.424,75.2857,495.451,141.219
91,3680,230,412.123,101.046,186,66,2.81399,317.615,129.441,320.855,63.5205,506.631,72.652,503.39,138.572
92,3720,233,414.568,100.714,186,66,2.85404,320.04,129.042,323.326,63.1242,509.095,72.3855,505.809,138.304
93,3760,230,416.027,101.533,186,66,2.36308,321.746,130.671,324.467,64.727,510.309,72.3961,507.588,138.34
94,3800,230,415.865,101.493,186,66,2.39675,321.566,130.575,324.326,64.6323,510.164,72.4107,507.403,138.353
95,3840,231,418.584,100.639,186,66,2.32071,324.324,129.846,326.997,63.9,512.844,71.4317,510.172,137.378
96,3880,231,412.537,97.1322,186,66,2.26515,318.305,126.431,320.914,60.4822,506.768,67.8337,504.16,133.782
97,3920,232,404.923,97.2648,186,66,1.92936,310.865,127.115,313.087,61.1525,498.981,67.4146,496.759,133.377
98,3960,229,399.136,94.5798,186,66,2.0584,305.011,124.218,307.382,58.2607,493.262,64.9415,490.891,130.899
99,4000,230,399.474,94.6673,186,66,2.13758,305.308,124.176,307.77,58.2215,493.64,65.1591,491.179,131.113
100,4040,232,393.738,92.9134,186,66,2.13587,299.572,122.424,302.032,56.4703,487.903,63.4023,485.443,129.356
101,4080,235,384.197,91.5285,186,66,1.69792,290.26,121.758,292.216,55.7874,478.134,61.2986,476.179,127.27
102,4120,227,379.323,91.5908,186,66,1.55398,285.462,122.057,287.252,56.0809,473.184,61.125,471.394,127.101
103,4160,228,374.647,91.4232,186,66,1.48993,280.82,121.994,282.536,56.0162,468.473,60.8525,466.757,126.83
104,4200,230,374.636,91.7768,186,66,1.48613,280.811,122.354,282.523,56.376,468.46,61.1999,466.749,127.178
105,4240,230,374.301,91.6004,186,66,1.51451,280.461,122.131,282.206,56.1539,468.141,61.07,466.396,127.047
106,4280,227,368.053,90.4819,186,66,1.51589,274.212,121.01,275.958,55.0332,461.893,59.9537,460.147,125.931
107,4320,228,368.715,88.6744,186,66,1.75355,274.749,118.813,276.769,52.844,462.682,58.5357,460.662,124.505
108,4360,234,372.241,85.6413,186,66,2.14335,278.072,115.14,280.541,49.1862,466.411,56.1426,463.942,122.096
109,4400,234,372.192,85.6833,186,66,2.04158,278.076,115.349,280.427,49.3911,466.309,56.0173,463.958,121.975
110,4440,227,376.08,80.7002,186,66,2.15053,281.907,110.187,284.384,44.2336,470.253,51.2133,467.776,117.167
111,4480,231,380.686,79.5568,186,66,1.68204,286.757,109.813,288.695,43.8412,474.614,49.3009,472.677,115.272
112,4520,231,383.994,78.7947,186,66,1.61479,290.101,109.161,291.96,43.1871,477.887,48.4285,476.027,114.402
113,4560,230,386.164,77.271,186,66,1.66237,292.246,107.559,294.161,41.5869,480.083,46.9828,478.168,112.955
114,4600,229,385.78,77.3545,186,66,1.51584,291.94,107.883,293.686,41.9059,479.621,46.8262,477.875,112.803
115,4640,228,381.598,75.8956,186,66,1.58042,287.723,106.318,289.544,40.3432,475.473,45.4731,473.652,111.448
116,4680,228,384.051,72.1558,186,66,2.12173,289.893,101.69,292.337,35.7353,478.209,42.6215,475.766,108.576
117,4720,227,384.199,71.6193,186,66,2.03116,290.088,101.302,292.427,35.3438,478.31,41.9362,475.971,107.895
118,4760,233,384.39,72.6241,186,66,1.63787,290.484,102.952,292.371,36.9794,478.295,42.2957,476.408,108.269
119,4800,233,384.214,72.5715,186,66,1.65313,290.301,102.875,292.205,36.9023,478.127,42.2682,476.223,108.241
120,4840,229,382.813,72.9824,186,66,1.47788,288.993,103.573,290.695,37.5948,476.633,42.392,474.931,108.37
121,4880,230,372.516,71.8009,186,66,1.76494,278.544,101.921,280.576,35.9522,466.488,41.6809,464.455,107.65
122,4920,227,365.348,71.148,186,66,1.91068,271.3,101.029,273.5,35.0656,459.397,41.2671,457.196,107.23
123,4960,232,361.966,70.3053,186,66,1.9875,267.878,100.06,270.167,34.0998,456.055,40.5506,453.766,106.511
124,5000,230,361.803,70.2963,186,66,1.95414,267.732,100.106,269.982,34.1442,455.874,40.4867,453.624,106.448
125,5040,225,361.403,69.5316,186,66,1.90218,267.359,99.4264,269.55,33.4628,455.447,39.6367,453.257,105.6
126,5080,226,363.549,69.0245,186,66,1.82425,269.546,99.0473,271.647,33.0807,457.553,39.0018,455.452,104.968
127,5120,231,362.462,69.8199,186,66,1.60897,268.573,100.196,270.426,34.2216,456.352,39.4442,454.499,105.418
128,5160,230,360.621,69.8531,186,66,1.49702,266.79,100.412,268.514,34.4348,454.451,39.294,452.727,105.271
129,5200,229,360.88,69.8546,186,66,1.35512,267.126,100.646,268.687,34.6644,454.635,39.0632,453.074,105.045
130,5240,228,359.605,69.5613,186,66,1.36836,265.844,100.331,267.42,34.3499,453.367,38.7916,451.791,104.773
131,5280,232,355.773,68.1289,186,66,1.54788,261.916,98.6047,263.699,32.6288,449.631,37.653,447.848,103.629
132,5320,232,351.332,68.7876,186,66,1.49335,257.504,99.3527,259.224,33.3751,445.161,38.2225,443.441,104.2
133,5360,229,348.539,69.9526,186,66,1.3095,254.809,100.819,256.317,34.8359,442.269,39.0866,440.76,105.069
134,5400,229,348.347,69.8438,186,66,0.896749,254.842,101.384,255.875,35.3923,441.852,38.3033,440.819,104.295
135,5440,227,343.801,69.4864,186,66,0.921025,250.283,100.987,251.344,34.9958,437.32,37.9856,436.259,103.977
136,5480,229,332.927,70.1118,186,66,0.993295,239.369,101.495,240.513,35.5045,426.485,38.7289,425.341,104.719
137,5520,227,324.869,70.2803,186,66,0.588311,231.535,102.324,232.213,36.3271,418.203,38.2369,417.525,104.233
138,5560,226,318.495,70.1817,186,66,0.628022,225.139,102.16,225.862,36.1643,411.851,38.203,411.128,104.199
139,5600,226,318.164,70.0204,186,66,0.716137,224.759,101.855,225.584,35.8606,411.57,38.1854,410.745,104.18
140,5640,227,312.122,69.4763,186,66,0.658375,218.749,101.405,219.507,35.4098,405.495,37.5471,404.737,103.543
141,5680,235,305.361,66.1053,186,66,0.750057,211.937,97.8851,212.801,31.8907,398.785,34.3255,397.921,100.32
142,5720,233,302.954,64.6473,186,66,1.04363,209.369,95.948,210.571,29.9589,396.54,33.3467,395.338,99.3357
143,5760,228,301.498,63.8762,186,66,0.967332,207.954,95.3014,209.068,29.3108,395.041,32.4509,393.927,98.4415
144,5800,228,301.184,63.8283,186,66,1.10313,207.566,95.0317,208.836,29.0439,394.802,32.6248,393.531,98.6126
145,5840,234,301.106,62.5024,186,66,1.20312,207.434,93.5424,208.82,27.557,394.779,31.4624,393.393,97.4478
146,5880,228,300.866,60.1055,186,66,1.46261,207.054,90.721,208.738,24.7425,394.678,29.4901,392.993,95.4686
147,5920,227,299.665,59.8322,186,66,1.19695,205.996,90.8824,207.374,24.8968,393.334,28.7821,391.955,94.7677
148,5960,223,301.127,60.2981,186,66,1.10368,207.509,91.5006,208.78,25.5128,394.746,29.0955,393.474,95.0833
149,6000,223,301.011,60.373,186,66,1.1569,207.364,91.4886,208.696,25.5021,394.659,29.2575,393.326,95.244
150,6040,228,302.6,61.2823,186,66,0.991919,209.043,92.6674,210.186,26.6773,396.158,29.8972,395.015,95.8873
151,6080,229,308.008,62.927,186,66,1.20904,214.332,93.9573,215.725,27.972,401.684,31.8966,400.291,97.8819
152,6120,228,315.926,67.7056,186,66,1.15078,222.282,98.8312,223.608,32.8445,409.57,36.58,408.245,102.567
153,6160,224,327.406,70.3037,186,66,1.29903,233.682,101.187,235.178,35.2038,421.13,39.4205,419.634,105.404
154,6200,224,327.48,70.3238,186,66,1.20459,233.807,101.361,235.194,35.376,421.153,39.2862,419.766,105.272
155,6240,226,335.973,72.0955,186,66,1.33725,242.228,102.916,243.768,36.9341,429.718,41.2749,428.177,107.257
156,6280,227,343.704,71.9902,186,66,1.78658,249.721,102.075,251.778,36.1069,437.688,41.9057,435.63,107.874
157,6320,228,343.149,71.4331,186,66,1.94846,249.081,101.252,251.325,35.2901,437.217,41.6142,434.973,107.576
158,6360,230,344.202,76.2119,186,66,1.75597,250.235,106.347,252.257,40.3776,438.17,46.0772,436.148,112.046
159,6400,231,344.277,76.1397,186,66,2.05507,250.153,105.784,252.52,39.826,438.401,46.4959,436.034,112.453
160,6440,221,349.468,78.199,186,66,2.24002,255.249,107.539,257.829,41.5893,443.686,48.8592,441.107,114.809
161,6480,225,366.916,82.0529,186,66,2.25937,272.687,111.361,275.289,45.4122,461.145,52.7449,458.543,118.694
162,6520,229,371.497,84.3799,186,66,2.24127,277.278,113.718,279.859,47.7682,465.716,55.0422,463.135,120.992
163,6560,232,374.998,86.0307,186,66,2.16914,280.815,115.487,283.313,49.5344,469.18,56.5744,466.682,122.527
164,6600,233,375.261,86.0411,186,66,1.90778,281.214,115.927,283.411,49.9634,469.308,56.1554,467.111,122.119
165,6640,232,377.2,89.2206,186,66,1.87728,283.169,119.156,285.331,53.1917,471.231,59.2848,469.069,125.249
166,6680,232,388.266,94.2245,186,66,1.88799,294.229,124.143,296.404,58.1785,482.303,64.3064,480.128,130.271
167,6720,230,391.525,95.628,186,66,2.07667,297.39,125.236,299.781,59.2797,485.659,66.0197,483.268,131.976
168,6760,225,394.785,96.9749,186,66,2.03204,300.673,126.657,303.013,60.698,488.896,67.2933,486.556,133.252
169,6800,225,394.385,96.9834,186,66,2.20256,300.185,126.385,302.721,60.4335,488.584,67.582,486.048,133.533
170,6840,231,390.326,98.6744,186,66,2.18478,296.136,128.105,298.652,62.153,484.517,69.2438,482,135.196
171,6880,231,390.593,101.008,186,66,2.26278,296.363,130.311,298.969,64.3622,484.824,71.706,482.218,137.655
172,6920,229,391.233,102.716,186,66,1.70282,297.293,132.938,299.254,66.9674,485.172,72.4944,483.211,138.465
173,6960,226,392.428,102.772,186,66,1.8727,298.399,132.715,300.556,66.7502,486.456,72.8285,484.3,138.793
174,7000,226,392.057,102.908,186,66,1.62216,298.16,133.262,300.028,67.2888,485.953,72.5542,484.085,138.528
175,7040,228,390.071,103.534,186,66,1.55436,296.21,133.999,298,68.0234,483.932,73.0687,482.142,139.044
176,7080,231,386.664,104.102,186,66,1.63848,292.758,134.43,294.645,68.4567,480.569,73.775,478.682,139.748
177,7120,230,386.845,104.633,186,66,1.35352,293.091,135.427,294.65,69.4451,480.599,73.8386,479.039,139.82
178,7160,228,387.756,104.571,186,66,1.6543,293.842,134.873,295.748,68.9001,481.67,74.2697,479.765,140.242
179,7200,228,388.079,104.614,186,66,1.53996,294.226,135.103,296,69.1266,481.933,74.1252,480.159,140.101
180,7240,228,388.463,104.832,186,66,1.50305,294.63,135.381,296.361,69.4039,482.297,74.2827,480.565,140.26
181,7280,227,384.524,105.866,186,66,1.1747,290.867,136.953,292.22,70.9666,478.181,74.7798,476.828,140.766
182,7320,225,381.061,104.882,186,66,0.928533,287.539,136.371,288.608,70.3794,474.584,73.3936,473.514,139.385
183,7360,224,379.304,101.395,186,66,1.02502,285.729,132.726,286.909,66.7366,472.879,70.0639,471.699,136.053
184,7400,224,379.237,101.417,186,66,0.930176,285.713,132.903,286.785,66.9119,472.76,69.9314,471.689,135.923
185,7440,228,377.76,100.302,186,66,1.02867,284.182,131.627,285.367,65.6375,471.337,68.9767,470.152,134.966
186,7480,232,373.793,100.182,186,66,0.765896,280.36,131.936,281.242,65.9417,467.225,68.428,466.343,134.422
187,7520,227,373.421,100.029,186,66,0.609792,280.075,132.037,280.777,66.0407,466.767,68.0203,466.064,134.017
188,7560,232,373.816,98.9905,186,66,0.920002,280.298,130.493,281.358,64.5015,467.334,67.4879,466.274,133.479
189,7600,231,373.348,99.0517,186,66,0.839649,279.874,130.685,280.841,64.6924,466.821,67.418,465.854,133.411
190,7640,232,373.887,98.5235,186,66,0.962701,280.346,129.956,281.455,63.9656,467.428,67.0907,466.32,133.081
191,7680,231,373.749,98.783,186,66,0.551111,280.436,130.887,281.071,64.89,467.063,66.6791,466.428,132.676
192,7720,224,374.164,98.4502,186,66,0.745051,280.743,130.238,281.601,64.2437,467.586,66.6623,466.727,132.657
193,7760,226,374.828,98.7878,186,66,0.586426,281.495,130.834,282.171,64.8377,468.161,66.7414,467.486,132.738
194,7800,226,374.833,99.0281,186,66,0.184962,281.727,131.728,281.94,65.728,467.939,66.3285,467.726,132.328
195,7840,223,376.26,98.3266,186,66,0.35043,283.06,130.757,283.464,64.7584,469.46,65.896,469.057,131.895
196,7880,223,379.548,99.2789,186,66,0.265845,286.396,131.847,286.702,65.8477,472.7,66.7107,472.394,132.71
197,7920,224,381.378,99.426,186,66,0.363803,288.17,131.835,288.589,65.8362,474.586,67.0172,474.167,133.016
198,7960,226,383.606,99.1601,186,66,0.448402,290.35,131.431,290.867,65.4333,476.861,66.889,476.345,132.887
199,8000,226,383.754,99.1652,186,66,0.300688,290.582,131.677,290.928,65.6776,476.926,66.6538,476.579,132.653
200,8040,226,384.987,98.1426,186,66,0.309425,291.81,130.64,292.166,64.6409,478.164,65.6453,477.807,131.644
201,8080,223,376.545,97.2176,186,66,0.709261,283.143,129.064,283.96,63.069,469.946,65.3714,469.129,131.366
202,8120,222,373.673,96.9602,186,66,0.948891,280.139,128.415,281.232,62.4246,467.207,65.5048,466.114,131.496
203,8160,223,370.471,97.4864,186,66,0.525332,277.172,129.632,277.777,63.6351,463.769,65.3404,463.164,131.338
204,8200,223,370.7,97.4187,186,66,0.559229,277.382,129.509,278.026,63.5125,464.017,65.3279,463.373,131.325
205,8240,223,368.083,97.6959,186,66,0.534619,274.779,129.827,275.395,63.8295,461.387,65.565,460.771,131.562
206,8280,224,377.443,95.6509,186,66,1.25096,283.745,126.613,285.186,60.6285,471.142,64.6891,469.701,130.673
207,8320,223,377.132,95.2468,186,66,1.21994,283.45,126.259,284.855,60.2743,470.813,64.2343,469.408,130.219
208,8360,223,376.578,96.7333,186,66,0.854607,283.096,128.342,284.08,62.3498,470.059,65.1241,469.075,131.117
209,8400,224,376.449,96.611,186,66,1.01592,282.878,127.957,284.048,61.9672,470.019,65.2651,468.849,131.255
210,8440,221,376.511,99.2939,186,66,0.806007,283.056,130.982,283.984,64.9889,469.966,67.6054,469.038,133.599
211,8480,227,378.275,100.441,186,66,0.779325,284.835,132.173,285.733,66.179,471.715,68.7089,470.818,134.703
212,8520,225,378.507,100.635,186,66,0.821481,285.044,132.299,285.99,66.3053,471.971,68.972,471.025,134.965
213,8560,224,374.914,102.324,186,66,0.781715,281.472,134.052,282.372,68.0583,468.355,70.5959,467.455,136.59
214,8600,224,374.792,102.229,186,66,1.00321,281.228,133.596,282.384,67.6062,468.355,70.8628,467.2,136.853
215,8640,230,371.727,103.005,186,66,0.947798,278.194,134.462,279.286,68.4714,465.26,71.5481,464.168,137.539
216,8680,231,366.18,104.138,186,66,0.810416,272.723,135.82,273.656,69.8262,459.638,72.457,458.704,138.45
217,8720,228,364.475,103.801,186,66,0.865754,270.987,135.392,271.984,69.3994,457.963,72.2098,456.965,138.202
218,8760,224,362.192,103.486,186,66,0.920969,268.674,134.987,269.735,68.9956,455.711,71.9852,454.65,137.977
219,8800,225,362.368,103.296,186,66,0.767953,268.934,135.047,269.818,69.053,455.802,71.5459,454.917,137.54
220,8840,224,360.371,103.214,186,66,0.814693,266.911,134.888,267.849,68.8948,453.831,71.5394,452.892,137.533
221,8880,224,353.529,105.405,186,66,0.633773,260.169,137.374,260.899,71.378,446.888,73.4353,446.158,139.431
222,8920,220,352.556,104.348,186,66,0.769189,259.121,136.096,260.007,70.1021,445.99,72.599,445.104,138.593
223,8960,221,351.467,103.405,186,66,0.90819,257.955,134.926,259.001,68.9347,444.978,71.8829,443.932,137.875
224,9000,222,351.268,103.66,186,66,0.667419,257.89,135.575,258.658,69.579,444.646,71.7456,443.877,137.741
225,9040,222,350.203,102.407,186,66,0.835605,256.732,134.047,257.695,68.0545,443.675,70.767,442.712,136.76
226,9080,224,346.957,102.057,186,66,0.839053,253.484,133.692,254.45,67.6988,440.43,70.4225,439.464,136.415
227,9120,224,345.433,101.96,186,66,0.700422,252.036,133.82,252.843,67.8251,438.829,70.0989,438.022,136.094
228,9160,222,345.717,101.363,186,66,0.76102,252.287,133.125,253.164,67.1308,439.147,69.6012,438.271,135.595
229,9200,222,345.838,101.252,186,66,0.767718,252.404,133.003,253.288,67.0093,439.272,69.5015,438.387,135.496
230,9240,223,353.312,101.6,186,66,0.552917,259.998,133.701,260.635,67.7041,446.626,69.4991,445.989,135.496
231,9280,224,355.587,104.467,186,66,0.162354,262.494,137.203,262.681,71.2035,448.68,71.7306,448.493,137.73
232,9320,224,350.923,102.918,186,66,0.514738,257.63,135.081,258.223,69.0842,444.215,70.7551,443.622,136.752
233,9360,223,356.564,100.792,186,66,0.943617,263.033,132.256,264.12,66.2645,450.095,69.3276,449.008,135.319
234,9400,224,356.337,101.351,186,66,0.379772,263.12,133.734,263.558,67.7354,449.553,68.9682,449.116,134.967
235,9440,222,362.856,99.6564,186,66,0.437911,269.607,131.945,270.111,65.9466,456.106,67.3681,455.601,133.366
236,9480,222,371.203,99.288,186,66,0.112978,278.138,132.105,278.269,66.1047,464.268,66.4715,464.138,132.471
237,9520,225,375.296,98.7693,186,66,-0.00249302,282.297,131.773,282.294,65.7734,468.294,65.7653,468.297,131.765
238,9560,225,369.388,99.4484,186,66,-0.442232,276.645,133.165,276.136,67.1672,462.13,65.7316,462.64,131.73
239,9600,225,369.064,99.5899,186,66,-0.299202,276.238,133.075,275.893,67.076,461.891,66.1047,462.235,132.104
240,9640,229,358.665,99.6987,186,66,-0.460409,265.933,133.445,265.403,67.4471,451.397,65.9525,451.927,131.95
241,9680,230,349.759,98.0332,186,66,-0.644749,257.136,132.078,256.393,66.0818,442.382,63.9888,443.124,129.985
242,9720,228,348.264,96.4874,186,66,-0.546852,255.583,130.374,254.953,64.3765,440.945,62.6013,441.575,128.598
243,9760,227,348.501,95.2046,186,66,-0.400799,255.734,128.854,255.272,62.856,441.268,61.5549,441.73,127.553
244,9800,223,348.538,95.1406,186,66,-0.348504,255.74,128.706,255.339,62.7069,441.335,61.5755,441.737,127.574
245,9840,229,350.086,94.7385,186,66,-0.348066,257.288,128.303,256.887,62.3041,442.884,61.1742,443.285,127.173
246,9880,226,352.895,95.7368,186,66,-0.602942,260.248,129.714,259.553,63.7173,445.543,61.76,446.238,127.756
247,9920,224,354.242,96.1798,186,66,-0.532673,261.553,130.043,260.939,64.0459,446.931,62.3167,447.545,128.314
248,9960,225,355.927,95.8213,186,66,-0.593827,263.274,129.783,262.59,63.7869,448.58,61.8592,449.264,127.856
249,10000,226,355.822,95.8572,186,66,-0.664987,263.211,129.934,262.445,63.9387,448.433,61.78,449.199,127.776
250,10040,223,355.261,95.0554,186,66,-0.520583,262.565,128.899,261.965,62.9017,447.958,61.2118,448.557,127.209
251,10080,224,356.317,92.8992,186,66,-0.515223,263.618,126.734,263.024,60.7368,449.017,59.0643,449.61,125.062
252,10120,219,354.372,92.4049,186,66,-0.59038,261.717,126.361,261.037,60.3649,447.027,58.4483,447.707,124.445
253,10160,224,351.756,91.1431,186,66,-0.684986,259.157,125.253,258.368,59.2573,444.355,57.0336,445.144,123.029
254,10200,224,351.278,91.1335,186,66,-0.793422,258.744,125.418,257.83,59.4245,443.812,56.8489,444.726,122.843
255,10240,221,349.067,88.6753,186,66,-0.96027,256.633,123.229,255.527,57.2386,441.501,54.1214,442.607,120.112
256,10280,220,336.552,85.4012,186,66,-1.5301,244.466,120.873,242.704,54.8963,428.638,49.9297,430.4,115.906
257,10320,219,328.568,86.0668,186,66,-1.95741,236.75,122.224,234.495,56.2626,420.387,49.9095,422.641,115.871
258,10360,221,320.848,85.1581,186,66,-2.19206,229.178,121.691,226.654,55.7395,412.518,48.6251,415.042,114.577
259,10400,221,321.073,85.1765,186,66,-1.98366,229.271,121.376,226.987,55.4154,412.875,48.9771,415.16,114.938
260,10440,218,318.049,83.2173,186,66,-2.04541,226.286,119.516,223.931,53.5576,409.812,46.919,412.168,112.877
261,10480,223,313.357,78.7329,186,66,-1.92618,221.518,114.84,219.3,48.8774,405.195,42.6256,407.413,108.588
262,10520,223,311.278,77.3221,186,66,-1.81844,219.372,113.257,217.277,47.2899,403.184,41.3876,405.278,107.354
263,10560,223,308.719,78.0655,186,66,-2.31791,217.13,114.8,214.46,48.8538,400.308,41.3312,402.977,107.277
264,10600,224,308.866,77.9409,186,66,-2.14586,217.166,114.4,214.695,48.4463,400.565,41.4818,403.036,107.436
265,10640,220,306.944,79.9719,186,66,-2.43612,215.43,116.895,212.625,50.9547,398.457,43.0487,401.262,108.989
266,10680,223,308.218,82.5153,186,66,-2.76812,216.92,119.968,213.733,54.0451,399.516,45.0625,402.703,110.985
267,10720,224,310.452,83.6062,186,66,-2.75252,219.144,121.034,215.975,55.1103,401.76,46.1782,404.93,112.102
268,10760,225,314.564,85.9557,186,66,-2.3617,223.003,122.76,220.283,56.8161,406.125,49.1514,408.845,115.095
269,10800,228,314.474,85.8816,186,66,-2.43925,222.962,122.81,220.154,56.8696,405.985,48.9534,408.794,114.894
270,10840,228,316.36,88.4373,186,66,-2.76381,225.06,125.883,221.877,59.96,407.661,50.9913,410.843,116.915
271,10880,227,318.677,86.8049,186,66,-2.67114,227.316,124.103,224.24,58.1748,410.038,49.5066,413.114,115.435
272,10920,224,320.098,82.2011,186,66,-2.28489,228.487,118.883,225.856,52.9351,411.708,45.5196,414.339,111.467
273,10960,224,319.17,81.434,186,66,-2.4821,227.687,118.431,224.828,52.4926,410.654,44.4374,413.512,110.375
274,11000,225,319.056,81.2973,186,66,-2.41965,227.532,118.194,224.746,52.253,410.58,44.4004,413.366,110.342
275,11040,223,317.403,81.1307,186,66,-2.56139,225.971,118.254,223.021,52.3199,408.835,44.0076,411.785,109.942
276,11080,224,316.641,79.1062,186,66,-2.51565,225.179,116.156,222.282,50.22,408.103,42.056,411,107.992
277,11120,225,315.151,76.1546,186,66,-2.23002,223.506,112.748,220.938,46.7983,406.797,39.5608,409.365,105.511
278,11160,224,313.249,74.9464,186,66,-2.37585,221.697,111.773,218.961,45.83,404.801,38.1195,407.537,104.063
279,11200,224,313.434,74.9826,186,66,-2.29888,221.832,111.686,219.185,45.7396,405.035,38.2787,407.682,104.226
280,11240,223,312.424,73.8766,186,66,-2.32072,220.837,110.615,218.165,44.6695,404.012,37.1378,406.685,103.084
281,11280,223,311.075,71.5047,186,66,-2.09782,219.345,107.887,216.929,41.9311,402.805,35.1224,405.221,101.078
282,11320,225,311.102,69.2283,186,66,-1.87268,219.23,105.25,217.073,39.2851,402.974,33.2068,405.13,99.1716
283,11360,224,311.32,67.5619,186,66,-1.51727,219.227,103.013,217.479,37.0359,403.414,32.1109,405.161,98.0878
284,11400,223,311.371,67.6444,186,66,-1.65059,219.36,103.309,217.459,37.3369,403.382,31.9793,405.283,97.9519
285,11440,221,310.376,67.9,186,66,-1.51968,218.284,103.355,216.533,37.378,402.468,32.4452,404.218,98.422
286,11480,221,308.875,68.0617,186,66,-1.17373,216.571,102.96,215.219,36.9736,401.18,33.1636,402.532,99.1497
287,11520,221,310.361,69.225,186,66,-1.14456,218.039,104.076,216.721,38.0893,402.683,34.3739,404.002,100.361
288,11560,223,310.153,71.1063,186,66,-1.07261,217.787,105.841,216.551,39.853,402.519,36.3712,403.754,102.36
289,11600,223,310.473,71.3001,186,66,-0.603164,217.825,105.277,217.131,39.2809,403.12,37.3229,403.815,103.319
290,11640,224,310.565,71.6617,186,66,-0.666569,217.955,105.741,217.188,39.7459,403.175,37.582,403.943,103.578
291,11680,230,310.383,72.1539,186,66,-0.648718,217.762,106.205,217.015,40.209,403.003,38.1031,403.75,104.099
292,11720,228,311.569,71.9415,186,66,-0.507538,218.865,105.764,218.28,39.7666,404.273,38.119,404.857,104.116
293,11760,226,311.492,72.0483,186,66,-0.386029,218.716,105.674,218.272,39.6757,404.267,38.4225,404.712,104.421
294,11800,226,311.248,71.8569,186,66,-0.106305,218.31,105.029,218.187,39.0295,404.187,38.6844,404.309,104.684
295,11840,225,311.463,71.3362,186,66,-0.126295,218.536,104.541,218.39,38.5412,404.39,38.1312,404.535,104.131
296,11880,225,312.021,69.7439,186,66,-0.241834,219.161,103.136,218.882,37.1367,404.881,36.3517,405.159,102.351
297,11920,226,312.484,69.0797,186,66,-0.140607,219.566,102.308,219.404,36.308,405.403,35.8516,405.565,101.851
298,11960,222,312.419,68.2485,186,66,-0.069504,219.459,101.361,219.379,35.3613,405.379,35.1357,405.459,101.136
299,12000,223,312.797,68.1843,186,66,0.0833693,219.749,101.049,219.845,35.049,405.845,35.3196,405.749,101.32
300,12040,225,312.25,67.8612,186,66,-0.0260947,219.265,100.904,219.235,34.9036,405.235,34.8189,405.265,100.819
301,12080,229,312.681,66.9485,186,66,-0.0800532,219.727,100.078,219.635,34.0785,405.635,33.8186,405.727,99.8185
302,12120,227,313.555,66.159,186,66,0.0459535,220.528,99.0844,220.581,33.0844,406.581,33.2336,406.528,99.2336
303,12160,222,314.446,64.9516,186,66,0.252116,221.302,97.5421,221.593,31.5427,407.591,32.3612,407.3,98.3605
304,12200,222,314.568,65.0353,186,66,0.0235594,221.554,97.997,221.582,31.997,407.582,32.0735,407.554,98.0735
305,12240,221,315.096,64.8491,186,66,0.0712389,222.055,97.7334,222.137,31.7335,408.137,31.9647,408.055,97.9647
306,12280,225,318.173,65.233,186,66,0.271336,225.018,97.7922,225.33,31.793,411.328,32.6738,411.016,98.6731
307,12320,226,322.189,67.4353,186,66,-0.0385729,229.212,100.498,229.167,34.4979,415.167,34.3727,415.212,100.373
308,12360,226,324.338,67.9173,186,66,0.124405,231.266,100.715,231.41,34.7155,417.409,35.1193,417.266,101.119
309,12400,226,324.256,67.9048,186,66,0.0363503,231.235,100.846,231.277,34.8458,417.277,34.9638,417.235,100.964
310,12440,224,324.891,67.3933,186,66,0.286581,231.727,99.9277,232.058,33.9285,418.055,34.8589,417.725,100.858
311,12480,221,334.059,67.9948,186,66,0.528711,240.758,100.135,241.367,34.1381,427.359,35.8544,426.75,101.852
312,12520,225,342.41,68.5985,186,66,0.40371,249.18,100.942,249.645,34.9441,435.64,36.2546,435.175,102.253
313,12560,226,348.634,69.147,186,66,0.360129,255.429,101.562,255.844,35.5631,441.84,36.7322,441.425,102.731
314,12600,226,348.369,69.1111,186,66,0.377629,255.154,101.497,255.589,35.4988,441.585,36.7247,441.15,102.723
315,12640,227,351.879,69.3724,186,66,0.366686,258.67,101.777,259.092,35.7779,445.089,36.9682,444.666,102.967
316,12680,227,351.539,71.7906,186,66,0.286581,258.375,104.325,258.705,38.3258,444.703,39.2561,444.373,105.255
317,12720,227,347.599,73.4187,186,66,0.0542317,254.568,106.331,254.63,40.3306,440.63,40.5067,440.568,106.507
318,12760,228,345.398,74.518,186,66,-0.0296778,252.415,107.566,252.381,41.5661,438.381,41.4698,438.415,107.47
319,12800,227,344.987,74.3662,186,66,0.0209004,251.975,107.332,251.999,41.3323,437.999,41.4001,437.975,107.4
320,12840,226,343.467,75.1497,186,66,-0.183104,250.573,108.447,250.362,42.4471,436.361,41.8527,436.572,107.852
321,12880,226,341.095,74.2958,186,66,-0.261282,248.247,107.72,247.946,41.7202,433.944,40.872,434.245,106.871
322,12920,223,338.545,70.9929,186,66,-0.23795,245.682,104.379,245.408,38.3794,431.407,37.607,431.681,103.606
323,12960,221,336.446,68.9664,186,66,-0.0757195,243.49,102.089,243.403,36.0894,429.402,35.8436,429.49,101.843
324,13000,221,336.781,68.8762,186,66,-0.0023086,243.782,101.88,243.779,35.8799,429.779,35.8724,429.782,101.872
325,13040,223,333.148,69.003,186,66,-0.203977,240.266,102.334,240.031,36.3343,426.03,35.6721,426.265,101.672
326,13080,226,326.171,69.7443,186,66,-0.677577,233.567,103.842,232.787,37.8464,418.774,35.6468,419.554,101.642
327,13120,225,324.472,69.2146,186,66,-0.710347,231.888,103.365,231.07,37.3701,417.056,35.0642,417.874,101.059
328,13160,225,324.94,66.6482,186,66,-0.505077,232.234,100.467,231.652,34.4693,417.645,32.8296,418.227,98.8271
329,13200,225,324.677,66.6887,186,66,-0.251552,231.823,100.097,231.533,34.0973,417.532,33.2807,417.821,99.2801
330,13240,224,324.886,64.8353,186,66,-0.0787384,231.932,97.963,231.841,31.9631,417.841,31.7075,417.931,97.7074
331,13280,228,326.031,64.1317,186,66,-0.200739,233.148,97.4573,232.916,31.4577,418.915,30.8061,419.147,96.8057
332,13320,224,324.77,64.4692,186,66,-0.146917,231.855,97.7076,231.686,31.7078,417.685,31.2309,417.855,97.2306
333,13360,225,322.216,63.4067,186,66,-0.0613897,229.251,96.5064,229.18,30.5064,415.18,30.3071,415.251,96.3071
334,13400,223,321.751,63.5575,186,66,-0.442038,229.008,97.274,228.499,31.2759,414.493,29.841,415.002,95.839
335,13440,227,317.513,63.2826,186,66,-0.430812,224.764,96.9809,224.267,30.9828,410.262,29.5843,410.758,95.5824
336,13480,226,309.562,60.3421,186,66,-0.279032,216.723,93.7947,216.402,27.7955,402.4,26.8896,402.721,92.8888
337,13520,232,310.47,59.1832,186,66,-0.0203266,217.481,92.2162,217.458,26.2162,403.458,26.1503,403.481,92.1502
338,13560,229,316.793,58.5289,186,66,-0.0561296,223.825,91.62,223.761,25.62,409.761,25.4378,409.825,91.4378
339,13600,228,316.66,58.2941,186,66,0.0987782,223.603,91.1337,223.717,25.1338,409.717,25.4545,409.603,91.4544
340,13640,225,320.071,57.5313,186,66,-0.0789374,227.117,90.6594,227.026,24.6594,413.025,24.4032,413.116,90.4031
341,13680,229,322.001,57.917,186,66,-0.256801,229.15,91.3335,228.854,25.3341,414.853,24.5005,415.148,90.4998
342,13720,226,322.494,57.7394,186,66,-0.181413,229.599,91.0337,229.39,25.034,415.389,24.4451,415.598,90.4448
343,13760,224,324.497,57.7451,186,66,-0.102783,231.557,90.9119,231.438,24.912,417.438,24.5783,417.556,90.5782
344,13800,224,324.565,57.7915,186,66,-0.136522,231.643,91.013,231.486,25.0132,417.486,24.57,417.643,90.5698
345,13840,225,326.126,58.4806,186,66,-0.154881,233.216,91.7319,233.037,25.7321,419.036,25.2293,419.215,91.2291
346,13880,228,332.893,61.0249,186,66,-0.259629,240.043,94.446,239.744,28.4466,425.742,27.6038,426.041,93.6031
347,13920,229,335.224,62.2933,186,66,-0.435022,242.477,95.9984,241.976,30.0003,427.971,28.5881,428.472,94.5862
348,13960,229,337.796,62.132,186,66,-0.458902,245.063,95.8759,244.534,29.878,430.528,28.3882,431.057,94.3861
349,14000,229,337.773,62.4062,186,66,-0.681694,245.172,96.5103,244.387,30.515,430.374,28.302,431.159,94.2974
350,14040,226,340.579,62.2332,186,66,-0.68121,247.978,96.3365,247.193,30.3412,433.18,28.1298,433.964,94.1252
351,14080,225,343.987,63.5134,186,66,-0.885172,251.508,97.9462,250.488,31.9541,436.466,29.0806,437.486,95.0728
352,14120,228,347.134,62.6834,186,66,-0.646242,254.512,96.7302,253.768,30.7344,439.756,28.6365,440.501,94.6323
353,14160,224,348.614,64.0018,186,66,-0.771361,256.067,98.2508,255.179,32.2568,441.162,29.7528,442.05,95.7468
354,14200,223,348.991,64.271,186,66,-0.912117,256.528,98.7473,255.477,32.7556,441.454,29.7947,442.504,95.7864
355,14240,228,350.472,67.0041,186,66,-0.916188,258.012,101.487,256.956,35.4954,442.933,32.5213,443.988,98.5128
356,14280,228,353.669,71.0334,186,66,-0.793593,261.135,105.318,260.221,39.3247,446.203,36.7485,447.117,102.742
357,14320,223,355.365,72.6916,186,66,-0.951705,262.926,107.232,261.83,41.2408,447.804,38.1514,448.9,104.142
358,14360,222,357.64,73.5621,186,66,-0.720667,265.062,107.729,264.232,41.7345,450.217,39.395,451.047,105.39
359,14400,223,357.644,73.4785,186,66,-0.636459,265.016,107.509,264.283,41.5135,450.272,39.4474,451.005,105.443
360,14440,226,357.214,74.4697,186,66,-0.614772,264.573,108.466,263.865,42.4694,449.855,40.4737,450.563,106.47
361,14480,228,358.836,75.8146,186,66,-0.129828,265.911,109.025,265.762,43.0254,451.761,42.6039,451.911,108.604
362,14520,223,358.851,77.0367,186,66,-0.356044,266.058,110.614,265.648,44.6153,451.644,43.4594,452.054,109.458
363,14560,230,359.277,78.0395,186,66,-0.675943,266.673,112.134,265.894,46.1389,451.881,43.9446,452.66,109.94
364,14600,231,359.711,78.1584,186,66,-0.656279,267.095,112.221,266.339,46.2258,452.327,44.0953,453.083,110.091
365,14640,228,362.33,78.0316,186,66,-0.408459,269.568,111.694,269.097,45.6954,455.093,44.3694,455.563,110.368
366,14680,225,365.576,79.8491,186,66,-0.26828,272.731,113.284,272.422,47.285,458.42,46.414,458.729,112.413
367,14720,225,368.267,79.6631,186,66,-0.735215,275.698,113.854,274.851,47.8592,460.836,45.4725,461.683,111.467
368,14760,223,369.64,80.187,186,66,-0.583271,276.98,114.132,276.308,48.1354,462.299,46.2419,462.971,112.239
369,14800,224,369.989,80.2902,186,66,-0.465302,277.26,114.044,276.724,48.0465,462.718,46.536,463.254,112.534
370,14840,225,364.831,80.4325,186,66,-0.389512,272.058,114.064,271.609,48.0655,457.605,46.8011,458.053,112.8
371,14880,225,363.888,80.6331,186,66,-0.438244,271.143,114.343,270.638,48.3454,456.633,46.9227,457.138,112.921
372,14920,227,366.881,80.3725,186,66,-0.698073,274.29,114.503,273.486,48.508,459.472,46.2419,460.276,112.237
373,14960,228,370.913,78.2034,186,66,-0.331996,278.106,111.742,277.723,45.7428,463.72,44.6651,464.103,110.664
374,15000,228,371.002,78.1371,186,66,-0.17667,278.104,111.424,277.901,45.424,463.9,44.8505,464.104,110.85
375,15040,225,374.5,76.912,186,66,0.0102043,281.494,109.895,281.506,43.8954,467.506,43.9285,467.494,109.929
376,15080,228,374.098,77.1256,186,66,-0.371992,281.315,110.729,280.886,44.7301,466.882,43.5225,467.311,109.521
377,15120,232,370.433,77.1232,186,66,0.120218,277.364,109.928,277.503,43.9282,463.502,44.3185,463.364,110.318
378,15160,229,355.02,77.5368,186,66,0.292784,261.853,110.061,262.19,44.062,448.188,45.0124,447.851,111.012
379,15200,229,355.272,77.5602,186,66,0.13838,262.193,110.335,262.352,44.3357,448.352,44.7849,448.192,110.785
380,15240,230,343.132,79.0458,186,66,-0.209318,250.253,112.385,250.012,46.3858,436.011,45.7063,436.252,111.706
381,15280,233,338.077,81.1099,186,66,-0.306194,245.254,114.606,244.902,48.6073,430.899,47.6133,431.252,113.612
382,15320,231,345.012,79.5404,186,66,0.192953,251.902,112.227,252.124,46.2273,438.123,46.8537,437.901,112.853
383,15360,229,350.221,78.3343,186,66,0.0664227,257.183,111.226,257.259,45.2265,443.259,45.4422,443.183,111.442
384,15400,229,350.24,78.186,186,66,0.0143024,257.232,111.163,257.248,45.1628,443.248,45.2093,443.232,111.209
385,15440,227,355.717,76.2994,186,66,0.242959,262.578,108.905,262.857,42.9054,448.856,43.6941,448.576,109.693
386,15480,227,362.56,74.7074,186,66,0.277483,269.401,107.257,269.721,41.2574,455.719,42.1582,455.399,108.157
387,15520,225,364.815,74.4334,186,66,0.864699,271.328,106.026,272.324,40.0337,458.302,42.8407,457.306,108.833
388,15560,223,364.497,74.7826,186,66,0.451516,271.24,107.049,271.76,41.0508,457.754,42.5165,457.234,108.514
389,15600,223,364.586,74.8863,186,66,0.52156,271.29,107.038,271.891,41.0411,457.883,42.7342,457.282,108.731
390,15640,228,363.757,75.6927,186,66,0.333715,270.566,108.151,270.951,42.1516,456.948,43.235,456.563,109.234
391,15680,227,332.592,75.3429,186,66,0.201859,239.476,108.015,239.709,42.0155,425.707,42.6708,425.475,108.67
392,15720,230,317.761,76.9618,186,66,0.0807875,224.715,109.831,224.808,43.8307,410.807,44.093,410.714,110.093
393,15760,230,310.018,80.9195,186,66,0.488249,216.74,113.126,217.302,47.1282,403.295,48.7132,402.733,114.711
394,15800,230,310.269,81.0371,186,66,0.508126,216.98,113.211,217.565,47.2136,403.558,48.8631,402.973,114.861
395,15840,227,308.527,84.0785,186,66,0.30651,215.352,116.581,215.705,50.5815,401.702,51.5765,401.349,117.576
396,15880,232,297.862,87.738,186,66,0.143023,204.78,120.506,204.945,54.5059,390.945,54.9702,390.78,120.97
397,15920,229,291.308,89.1894,186,66,-0.116011,198.375,122.378,198.241,56.3777,384.241,56.0011,384.375,122.001
398,15960,227,288.902,91.1519,186,66,-0.471543,196.177,124.916,195.634,58.9184,381.628,57.3876,382.171,123.385
399,16000,228,288.587,90.9434,186,66,-0.728153,196.014,125.123,195.175,59.1279,381.16,56.7642,381.999,122.759
400,16040,226,289.628,87.9354,186,66,-0.513862,196.928,121.768,196.336,55.7708,382.328,54.1027,382.92,120.1
401,16080,227,303.797,77.6229,186,66,0.525761,210.498,109.768,211.103,43.7709,397.096,45.4777,396.49,111.475
402,16120,232,309.806,75.6603,186,66,0.662182,216.431,107.583,217.193,41.5877,403.181,43.7373,402.418,109.733
403,16160,226,309.678,76.5314,186,66,0.544755,216.369,108.646,216.996,42.6487,402.988,44.4171,402.36,110.414
404,16200,226,309.783,76.3951,186,66,0.642277,216.419,108.351,217.159,42.3547,403.147,44.4397,402.408,110.436
405,16240,229,308.095,79.1163,186,66,0.311691,214.917,111.61,215.276,45.6109,401.273,46.6227,400.914,112.622
406,16280,229,312.068,79.1129,186,66,0.569931,218.744,111.186,219.401,45.1894,405.392,47.0396,404.735,113.036
407,16320,232,316.674,77.8309,186,66,0.717083,223.268,109.664,224.094,43.6696,410.079,45.9974,409.253,111.992
408,16360,232,319.788,78.9228,186,66,0.663691,226.412,110.843,227.177,44.8477,413.164,47.0022,412.4,112.998
409,16400,232,319.514,78.6655,186,66,0.771871,226.077,110.41,226.967,44.4156,412.95,46.9213,412.061,112.915
410,16440,230,323.558,78.4009,186,66,0.820034,230.095,110.067,231.039,44.0733,417.02,46.7353,416.076,112.729
411,16480,228,308.816,79.0435,186,66,0.904672,215.307,110.571,216.349,44.5792,402.326,47.516,401.284,113.508
412,16520,230,303.047,79.0248,186,66,0.748697,209.624,110.807,210.486,44.8124,396.47,47.2428,395.608,113.237
413,16560,236,294.893,79.6312,186,66,0.0589855,201.859,112.535,201.927,46.5355,387.927,46.727,387.859,112.727
414,16600,235,294.754,79.7104,186,66,-0.440534,202.011,113.424,201.503,47.4264,387.498,45.9963,388.005,111.994
415,16640,229,283.685,78.9974,186,66,-0.455574,190.951,112.736,190.426,46.7379,376.42,45.259,376.945,111.257
416,16680,228,274.655,76.9538,186,66,0.0165017,181.645,109.927,181.664,43.927,367.664,43.9806,367.645,109.981
417,16720,225,270.364,76.0348,186,66,-0.0451339,177.39,109.108,177.338,43.1081,363.338,42.9616,363.39,108.962
418,16760,226,267.917,74.535,186,66,0.385769,174.697,106.908,175.142,40.9096,361.137,42.1619,360.693,108.16
419,16800,227,268.066,74.9082,186,66,-0.00852408,175.071,107.922,175.061,41.922,361.061,41.8943,361.071,107.894
420,16840,226,265.486,73.2971,186,66,0.0324468,172.467,106.244,172.504,40.2445,358.504,40.3498,358.467,106.35
421,16880,225,261.405,71.1039,186,66,0.0595456,168.371,104.007,168.44,38.0072,354.44,38.2005,354.371,104.2
422,16920,225,268.167,68.6597,186,66,-0.169115,175.265,101.934,175.07,35.9343,361.069,35.3853,361.264,101.385
423,16960,225,272.428,67.0021,186,66,-0.00879728,179.433,100.016,179.423,34.0164,365.423,33.9878,365.433,99.9879
424,17000,225,272.59,66.9773,186,66,0.0263814,179.575,99.9345,179.605,33.9345,365.605,34.0201,365.575,100.02
425,17040,225,279.202,63.7961,186,66,0.210302,186.081,96.4545,186.324,30.455,372.322,31.1377,372.08,97.1372
426,17080,223,292.058,63.1535,186,66,-0.0747906,199.101,96.2749,199.015,30.275,385.015,30.0322,385.101,96.0321
427,17120,223,299.605,63.0102,186,66,-0.129555,206.679,96.2204,206.53,30.2205,392.53,29.8,392.679,95.7998
428,17160,229,306.185,63.5432,186,66,0.0798859,213.139,96.4135,213.231,30.4136,399.231,30.6729,399.139,96.6728
429,17200,229,305.389,63.3874,186,66,0.342269,212.193,95.8312,212.587,29.8324,398.584,30.9435,398.19,96.9424
430,17240,230,311.119,64.7108,186,66,0.215671,217.995,97.3605,218.244,31.361,404.242,32.0611,403.994,98.0607
431,17280,226,311.833,67.2781,186,66,-0.151267,218.92,100.524,218.746,34.5237,404.745,34.0327,404.92,100.032
432,17320,228,309.539,68.8468,186,66,-0.183431,216.645,102.144,216.434,36.1447,402.433,35.5492,402.644,101.549
433,17360,229,306.098,71.0844,186,66,-0.328436,213.289,104.617,212.91,38.618,398.907,37.5518,399.286,103.551
434,17400,229,306.032,71.168,186,66,0.0705337,212.992,104.054,213.073,38.0536,399.073,38.2825,398.992,104.282
435,17440,228,302.235,73.0421,186,66,-0.18141,209.34,106.336,209.131,40.3367,395.13,39.7478,395.339,105.747
436,17480,229,299.817,73.4857,186,66,-0.372443,207.033,107.09,206.604,41.0909,392.6,39.8819,393.029,105.88
437,17520,230,302.393,74.8201,186,66,-0.591698,209.739,108.779,209.057,42.7822,395.047,40.8614,395.729,106.858
438,17560,225,301.577,75.9578,186,66,-1.03012,209.185,110.624,207.998,44.6351,393.968,41.2912,395.155,107.281
439,17600,225,301.333,75.9917,186,66,-0.670677,208.726,110.078,207.953,44.0826,393.94,41.9054,394.713,107.901
440,17640,224,302.265,77.6258,186,66,-0.997833,209.854,112.24,208.704,46.2503,394.676,43.0112,395.826,109.001
441,17680,218,305.447,78.7937,186,66,-1.48797,213.335,114.198,211.621,48.2198,397.558,43.3899,399.272,109.368
442,17720,223,306.73,80.2166,186,66,-1.68056,214.738,115.93,212.802,49.9582,398.722,44.5033,400.658,110.475
443,17760,222,307.612,81.2566,186,66,-1.99729,215.819,117.478,213.519,51.5179,399.406,45.0354,401.706,110.995
444,17800,222,307.97,81.1041,186,66,-2.06477,216.219,117.433,213.841,51.4763,399.72,44.7748,402.098,110.732
445,17840,222,310.101,81.0595,186,66,-2.05358,218.343,117.371,215.978,51.4133,401.858,44.7482,404.223,110.706
446,17880,219,302.371,81.0539,186,66,-2.27716,210.756,117.723,208.134,51.7752,393.987,44.3848,396.609,110.333
447,17920,220,297.611,82.2741,186,66,-2.49689,206.137,119.294,203.261,53.3569,389.085,45.2538,391.96,111.191
448,17960,222,295.925,83.7781,186,66,-2.76935,204.628,121.233,201.439,55.31,387.221,46.3233,390.41,112.246
449,18000,224,295.468,83.7596,186,66,-2.31948,203.879,120.496,201.208,54.5505,387.056,47.0228,389.727,112.969
450,18040,222,295.978,84.6653,186,66,-2.37527,204.426,121.491,201.69,55.548,387.531,47.8393,390.266,113.783
451,18080,223,299.556,86.3877,186,66,-2.17074,207.873,122.887,205.373,56.934,391.24,49.8888,393.74,115.841
452,18120,231,300.76,86.8349,186,66,-2.30341,209.161,123.546,206.509,57.5994,392.359,50.1238,395.011,116.07
453,18160,227,301.617,87.1157,186,66,-2.04835,209.856,123.419,207.497,57.4608,393.378,50.8127,395.737,116.771
454,18200,227,301.484,87.2497,186,66,-2.0796,209.743,123.603,207.348,57.6462,393.226,50.8967,395.621,116.853
455,18240,230,302.168,87.699,186,66,-2.11062,210.447,124.102,208.016,58.1464,393.89,51.2962,396.32,117.251
456,18280,232,291.929,92.1068,186,66,-2.79405,200.648,129.601,197.431,63.6794,383.21,54.6127,386.427,120.534
457,18320,228,287.683,91.8768,186,66,-2.28367,196.072,128.556,193.442,62.6088,379.295,55.1973,381.924,121.145
458,18360,224,281.472,91.5805,186,66,-2.94199,190.288,129.31,186.901,63.3972,372.656,53.8508,376.043,119.764
459,18400,224,281.431,91.7853,186,66,-3.54048,190.646,130.465,186.571,64.5913,372.216,53.1051,376.291,118.979
460,18440,224,277.021,91.873,186,66,-3.79356,186.408,130.954,182.042,65.0983,367.634,52.7923,372.001,118.648
461,18480,226,276.126,95.9188,186,66,-4.01986,185.668,135.357,181.042,69.5195,366.584,56.4805,371.211,122.318
462,18520,225,279.722,98.5657,186,66,-3.78879,189.105,137.639,184.744,71.7831,370.338,59.4925,374.699,125.348
463,18560,227,281.574,99.7567,186,66,-3.05184,190.463,137.661,186.949,71.7548,372.685,61.8523,376.199,127.759
464,18600,226,281.801,99.7994,186,66,-2.73929,190.484,137.206,187.33,71.2817,373.117,62.3925,376.271,128.317
465,18640,226,287.194,99.3148,186,66,-2.3073,195.598,136.032,192.941,70.0856,378.79,62.5974,381.448,128.544
466,18680,228,290.529,100.158,186,66,-1.91336,198.682,136.245,196.479,70.2819,382.375,64.0717,384.579,130.035
467,18720,225,290.728,100.818,186,66,-1.81876,198.822,136.753,196.727,70.7866,382.633,64.8834,384.728,130.85
468,18760,224,293.15,101.846,186,66,-1.15291,200.833,136.711,199.505,70.7241,385.467,66.9816,386.795,132.968
469,18800,223,293.401,101.92,186,66,-1.1257,201.067,136.741,199.77,70.7534,385.735,67.0993,387.031,133.087
470,18840,222,297.331,101.908,186,66,-1.06999,204.964,136.639,203.731,70.6506,389.699,67.1772,390.931,133.166
471,18880,223,304.749,103.029,186,66,-0.36732,211.962,136.624,211.539,70.6256,397.535,69.4332,397.958,135.432
472,18920,223,308.676,103.296,186,66,-0.231557,215.81,136.672,215.544,70.6722,401.542,69.9205,401.809,135.92
473,18960,224,311.607,103.41,186,66,0.075938,218.563,136.286,218.651,70.2865,404.651,70.533,404.563,136.533
474,19000,224,311.647,103.398,186,66,0.136583,218.568,136.176,218.726,70.1763,404.725,70.6197,404.568,136.62
475,19040,223,314.719,104.103,186,66,0.151248,221.632,136.857,221.806,70.8576,407.806,71.3486,407.631,137.348
476,19080,226,323.053,103.664,186,66,-0.126181,230.126,136.869,229.98,70.869,415.98,70.4594,416.125,136.459
477,19120,224,326.284,103.623,186,66,0.0765254,233.24,136.499,233.328,70.4991,419.327,70.7475,419.239,136.747
478,19160,225,328.813,104.951,186,66,-0.104075,235.873,138.119,235.753,72.1195,421.753,71.7816,421.873,137.782
479,19200,226,328.867,104.735,186,66,0.264793,235.715,137.305,236.02,71.3055,422.018,72.1651,421.713,138.164
480,19240,228,332.069,105.074,186,66,0.275052,238.911,137.627,239.228,71.6279,425.226,72.5208,424.909,138.52
481,19280,226,333.058,103.877,186,66,-0.0596226,240.092,136.974,240.023,70.9738,426.023,70.7803,426.092,136.78
482,19320,228,335.725,102.298,186,66,0.30046,242.553,134.809,242.899,68.8103,428.897,69.7856,428.551,135.785
483,19360,228,342.688,101.448,186,66,0.81129,249.23,133.128,250.164,67.1349,436.145,69.7685,435.211,135.762
484,19400,228,342.71,101.118,186,66,1.06883,249.111,132.377,250.342,66.3885,436.31,69.8581,435.079,135.847
485,19440,224,354.935,100.733,186,66,1.02765,261.358,132.059,262.542,66.0699,448.512,69.4058,447.328,135.395
486,19480,225,367.601,98.6567,186,66,0.755418,274.174,130.428,275.044,64.4335,461.028,66.8857,460.157,132.88
487,19520,223,375.778,98.1545,186,66,1.21836,282.097,129.17,283.501,63.1845,469.459,67.1394,468.055,133.124
488,19560,225,376.963,98.0237,186,66,1.02752,283.386,129.351,284.57,63.3612,470.54,66.6967,469.357,132.686
489,19600,226,377.355,98.2285,186,66,0.562592,284.036,130.314,284.684,64.3169,470.675,66.1432,470.027,132.14
490,19640,225,380.132,98.5064,186,66,0.63516,286.771,130.473,287.503,64.4775,473.492,66.5394,472.76,132.535
491,19680,225,385.244,97.8739,186,66,0.625377,291.889,129.857,292.61,63.8608,478.599,65.8909,477.878,131.887
492,19720,220,386.772,98.883,186,66,0.731281,293.358,130.693,294.2,64.6988,480.185,67.0727,479.343,133.067
493,19760,225,390.316,99.8539,186,66,0.157388,297.226,132.598,297.407,66.5985,483.406,67.1095,483.225,133.109
494,19800,225,391.16,99.9795,186,66,0.353885,297.958,132.404,298.365,66.4057,484.362,67.5545,483.954,133.553
495,19840,221,395.542,100.834,186,66,0.0700069,302.502,133.72,302.583,67.7202,488.583,67.9475,488.502,133.947
496,19880,220,405.038,101.041,186,66,-0.287405,312.205,134.507,311.874,68.508,497.872,67.575,498.203,133.574
497,19920,222,409.294,101.289,186,66,0.137814,316.215,134.065,316.374,68.0652,502.373,68.5125,502.214,134.512
498,19960,221,413.942,101.54,186,66,0.48556,320.666,133.75,321.225,67.7527,507.219,69.3289,506.659,135.327
499,20000,220,413.788,101.342,186,66,0.769716,320.353,133.09,321.24,67.0956,507.223,69.5942,506.337,135.588
500,20040,220,416.686,102.514,186,66,0.68172,323.3,134.405,324.085,68.4095,510.072,70.6225,509.287,136.618
